{
  "properties": {
    "displayName": "ISO 27001: Shared Services",
    "description": "Deploys and configures Azure infrastructure and policies mapped to specific ISO controls.",
    "targetScope": "subscription",
    "parameters": {
      "mFAshouldbeenabledonaccountswithownerpermissionsonyoursubscription_effect": {
        "type": "string",
        "metadata": {
          "displayName": "Effect (Policy: MFA should be enabled on accounts with owner permissions on your subscription)"
        },
        "defaultValue": "AuditIfNotExists",
        "allowedValues": [
          "AuditIfNotExists",
          "Disabled"
        ]
      },
      "appendataganditsvaluetoresources_tagName": {
        "type": "string",
        "metadata": {
          "displayName": "Tag Name (Policy: Append a tag and its value to resources)"
        },
        "allowedValues": []
      },
      "appendataganditsvaluetoresources_tagValue": {
        "type": "string",
        "metadata": {
          "displayName": "Tag Value (Policy: Append a tag and its value to resources)"
        },
        "allowedValues": []
      },
      "appendataganditsvaluetoresourcegroups_tagName": {
        "type": "string",
        "metadata": {
          "displayName": "Tag Name (Policy: Append a tag and its value to resource groups)"
        },
        "allowedValues": []
      },
      "appendataganditsvaluetoresourcegroups_tagValue": {
        "type": "string",
        "metadata": {
          "displayName": "Tag Value (Policy: Append a tag and its value to resource groups)"
        },
        "allowedValues": []
      },
      "virtualmachinesshouldbeconnectedtoaspecifiedworkspace_logAnalyticsWorkspaceId": {
        "type": "string",
        "metadata": {
          "displayName": "Log Analytics Workspace Id that virtual machines should be configured for (Policy: Virtual machines should be connected to a specified workspace)"
        },
        "allowedValues": []
      },
      "virtualmachinesshouldbeconnectedtoaspecifiedworkspace_effect": {
        "type": "string",
        "metadata": {
          "displayName": "Effect (Policy: Virtual machines should be connected to a specified workspace)"
        },
        "defaultValue": "AuditIfNotExists",
        "allowedValues": [
          "AuditIfNotExists",
          "Disabled"
        ]
      },
      "ISO27001Policy_deployLogAnalyticsAgentforLinuxVMs_listOfImageIdToInclude": {
        "type": "array",
        "metadata": {
          "displayName": "Optional: List of VM images that have supported Linux OS to add to scope (Policy: [Preview]: Deploy Log Analytics Agent for Linux VMs)"
        },
        "defaultValue": [
          "none"
        ],
        "allowedValues": []
      },
      "ISO27001Policy_deployLogAnalyticsAgentforWindowsVMs_listOfImageIdToInclude": {
        "type": "array",
        "metadata": {
          "displayName": "Optional: List of VM images that have supported Windows OS to add to scope (Policy: [Preview]: Deploy Log Analytics Agent for Windows VMs)"
        },
        "defaultValue": [
          "none"
        ],
        "allowedValues": []
      },
      "ISO27001Policy_deployLogAnalyticsAgentforWindowsVMScaleSets_listOfImageIdToInclude": {
        "type": "array",
        "metadata": {
          "displayName": "Optional: List of VM images that have supported Windows OS to add to scope (Policy: [Preview]: Deploy Log Analytics Agent for Windows VM Scale Sets (VMSS))"
        },
        "defaultValue": [
          "none"
        ],
        "allowedValues": []
      },
      "ISO27001Policy_deployLogAnalyticsAgentforLinuxVMScaleSets_listOfImageIdToInclude": {
        "type": "array",
        "metadata": {
          "displayName": "Optional: List of VM images that have supported Linux OS to add to scope (Policy: [Preview]: Deploy Log Analytics Agent for Linux VM Scale Sets (VMSS))"
        },
        "defaultValue": [
          "none"
        ],
        "allowedValues": []
      },
      "blueprintInitiativeForISO27001_listOfResourceTypesWithDiagnosticLogsEnabled": {
        "type": "array",
        "metadata": {
          "displayName": "Resource types to audit diagnostic logs (Policy: Blueprint initiative for ISO 27001)"
        },
        "defaultValue": [
          "Microsoft.AnalysisServices/servers",
          "Microsoft.ApiManagement/service",
          "Microsoft.Network/applicationGateways",
          "Microsoft.Automation/automationAccounts",
          "Microsoft.ContainerInstance/containerGroups",
          "Microsoft.ContainerRegistry/registries",
          "Microsoft.ContainerService/managedClusters",
          "Microsoft.Batch/batchAccounts",
          "Microsoft.Cdn/profiles/endpoints",
          "Microsoft.CognitiveServices/accounts",
          "Microsoft.DocumentDB/databaseAccounts",
          "Microsoft.DataFactory/factories",
          "Microsoft.DataLakeAnalytics/accounts",
          "Microsoft.DataLakeStore/accounts",
          "Microsoft.EventGrid/eventSubscriptions",
          "Microsoft.EventGrid/topics",
          "Microsoft.EventHub/namespaces",
          "Microsoft.Network/expressRouteCircuits",
          "Microsoft.Network/azureFirewalls",
          "Microsoft.HDInsight/clusters",
          "Microsoft.Devices/IotHubs",
          "Microsoft.KeyVault/vaults",
          "Microsoft.Network/loadBalancers",
          "Microsoft.Logic/integrationAccounts",
          "Microsoft.Logic/workflows",
          "Microsoft.DBforMySQL/servers",
          "Microsoft.Network/networkInterfaces",
          "Microsoft.Network/networkSecurityGroups",
          "Microsoft.DBforPostgreSQL/servers",
          "Microsoft.PowerBIDedicated/capacities",
          "Microsoft.Network/publicIPAddresses",
          "Microsoft.RecoveryServices/vaults",
          "Microsoft.Cache/redis",
          "Microsoft.Relay/namespaces",
          "Microsoft.Search/searchServices",
          "Microsoft.ServiceBus/namespaces",
          "Microsoft.SignalRService/SignalR",
          "Microsoft.Sql/servers/databases",
          "Microsoft.Sql/servers/elasticPools",
          "Microsoft.StreamAnalytics/streamingjobs",
          "Microsoft.TimeSeriesInsights/environments",
          "Microsoft.Network/trafficManagerProfiles",
          "Microsoft.Compute/virtualMachines",
          "Microsoft.Compute/virtualMachineScaleSets",
          "Microsoft.Network/virtualNetworks",
          "Microsoft.Network/virtualNetworkGateways"
        ],
        "allowedValues": [
          "Microsoft.AnalysisServices/servers",
          "Microsoft.ApiManagement/service",
          "Microsoft.Network/applicationGateways",
          "Microsoft.Automation/automationAccounts",
          "Microsoft.ContainerInstance/containerGroups",
          "Microsoft.ContainerRegistry/registries",
          "Microsoft.ContainerService/managedClusters",
          "Microsoft.Batch/batchAccounts",
          "Microsoft.Cdn/profiles/endpoints",
          "Microsoft.CognitiveServices/accounts",
          "Microsoft.DocumentDB/databaseAccounts",
          "Microsoft.DataFactory/factories",
          "Microsoft.DataLakeAnalytics/accounts",
          "Microsoft.DataLakeStore/accounts",
          "Microsoft.EventGrid/eventSubscriptions",
          "Microsoft.EventGrid/topics",
          "Microsoft.EventHub/namespaces",
          "Microsoft.Network/expressRouteCircuits",
          "Microsoft.Network/azureFirewalls",
          "Microsoft.HDInsight/clusters",
          "Microsoft.Devices/IotHubs",
          "Microsoft.KeyVault/vaults",
          "Microsoft.Network/loadBalancers",
          "Microsoft.Logic/integrationAccounts",
          "Microsoft.Logic/workflows",
          "Microsoft.DBforMySQL/servers",
          "Microsoft.Network/networkInterfaces",
          "Microsoft.Network/networkSecurityGroups",
          "Microsoft.DBforPostgreSQL/servers",
          "Microsoft.PowerBIDedicated/capacities",
          "Microsoft.Network/publicIPAddresses",
          "Microsoft.RecoveryServices/vaults",
          "Microsoft.Cache/redis",
          "Microsoft.Relay/namespaces",
          "Microsoft.Search/searchServices",
          "Microsoft.ServiceBus/namespaces",
          "Microsoft.SignalRService/SignalR",
          "Microsoft.Sql/servers/databases",
          "Microsoft.Sql/servers/elasticPools",
          "Microsoft.StreamAnalytics/streamingjobs",
          "Microsoft.TimeSeriesInsights/environments",
          "Microsoft.Network/trafficManagerProfiles",
          "Microsoft.Compute/virtualMachines",
          "Microsoft.Compute/virtualMachineScaleSets",
          "Microsoft.Network/virtualNetworks",
          "Microsoft.Network/virtualNetworkGateways"
        ]
      },
      "ISO27001Policy_listOfAllowedLocations": {
        "type": "array",
        "metadata": {
          "displayName": "Allowed locations (Policy: Blueprint initiative for ISO 27001)",
          "strongType": "location"
        },
        "defaultValue": [
          "East Asia",
          "Southeast Asia",
          "South Africa North",
          "Central US",
          "East US",
          "East US 2",
          "West US",
          "North Central US",
          "South Centralus",
          "North Europe",
          "West Europe",
          "Japan West",
          "Japan East",
          "Brazil South",
          "Australia East",
          "Australia Southeast",
          "South India",
          "Central India",
          "West India",
          "Canada Central",
          "Canada East",
          "UK South",
          "UK West",
          "West Central US",
          "West US 2",
          "Korea Central",
          "Korea South",
          "France Central",
          "France South",
          "Australia Central",
          "Australia Central 2"
        ],
        "allowedValues": [
          "East Asia",
          "Southeast Asia",
          "South Africa North",
          "Central US",
          "East US",
          "East US 2",
          "West US",
          "North Central US",
          "South Centralus",
          "North Europe",
          "West Europe",
          "Japan West",
          "Japan East",
          "Brazil South",
          "Australia East",
          "Australia Southeast",
          "South India",
          "Central India",
          "West India",
          "Canada Central",
          "Canada East",
          "UK South",
          "UK West",
          "West Central US",
          "West US 2",
          "Korea Central",
          "Korea South",
          "France Central",
          "France South",
          "Australia Central",
          "Australia Central 2"
        ]
      },
      "ISO27001Policy_listOfAllowedStorageSKUs": {
        "type": "array",
        "metadata": {
          "displayName": "Allowed storage SKUs (Policy: Blueprint initiative for ISO 27001)",
          "description": "SKU used in Diagnostic Log storage accounts",
          "strongType": "storageSKUs"
        },
        "defaultValue": [
          "Standard_LRS"
        ],
        "allowedValues": [
          "Standard_ZRS",
          "Standard_GRS",
          "Standard_RAGRS",
          "Premium_LRS",
          "Standard_LRS"
        ]
      },
      "ISO27001Policy_listOfAllowedVirtualMachineSKUs": {
        "type": "array",
        "metadata": {
          "displayName": "Allowed virtual machine SKUs (Policy: Blueprint initiative for ISO 27001)",
          "strongType": "vmSKUs"
        },
        "defaultValue": [
          "Standard_DS1_v2",
          "Standard_DS2_v2"
        ],
        "allowedValues": [
          "Basic_A0",
          "Basic_A1",
          "Basic_A2",
          "Basic_A3",
          "Basic_A4",
          "Standard_A0",
          "Standard_A1",
          "Standard_A1_v2",
          "Standard_A2",
          "Standard_A2m_v2",
          "Standard_A2_v2",
          "Standard_A3",
          "Standard_A4",
          "Standard_A4m_v2",
          "Standard_A4_v2",
          "Standard_A5",
          "Standard_A6",
          "Standard_A7",
          "Standard_A8",
          "Standard_A8m_v2",
          "Standard_A8_v2",
          "Standard_A9",
          "Standard_A10",
          "Standard_A11",
          "Standard_B1ls",
          "Standard_B1ms",
          "Standard_B1s",
          "Standard_B2ms",
          "Standard_B2s",
          "Standard_B4ms",
          "Standard_B8ms",
          "Standard_D1",
          "Standard_D1_v2",
          "Standard_D2",
          "Standard_D2s_v3",
          "Standard_D2_v2",
          "Standard_D2_v2_Promo",
          "Standard_D2_v3",
          "Standard_D3",
          "Standard_D3_v2",
          "Standard_D3_v2_Promo",
          "Standard_D4",
          "Standard_D4s_v3",
          "Standard_D4_v2",
          "Standard_D4_v2_Promo",
          "Standard_D4_v3",
          "Standard_D5_v2",
          "Standard_D5_v2_Promo",
          "Standard_D8s_v3",
          "Standard_D8_v3",
          "Standard_D11",
          "Standard_D11_v2",
          "Standard_D11_v2_Promo",
          "Standard_D12",
          "Standard_D12_v2",
          "Standard_D12_v2_Promo",
          "Standard_D13",
          "Standard_D13_v2",
          "Standard_D13_v2_Promo",
          "Standard_D14",
          "Standard_D14_v2",
          "Standard_D14_v2_Promo",
          "Standard_D15_v2",
          "Standard_D16s_v3",
          "Standard_D16_v3",
          "Standard_D32s_v3",
          "Standard_D32_v3",
          "Standard_D64s_v3",
          "Standard_D64_v3",
          "Standard_DC2s",
          "Standard_DC4s",
          "Standard_DS1",
          "Standard_DS1_v2",
          "Standard_DS2",
          "Standard_DS2_v2",
          "Standard_DS2_v2_Promo",
          "Standard_DS3",
          "Standard_DS3_v2",
          "Standard_DS3_v2_Promo",
          "Standard_DS4",
          "Standard_DS4_v2",
          "Standard_DS4_v2_Promo",
          "Standard_DS5_v2",
          "Standard_DS5_v2_Promo",
          "Standard_DS11",
          "Standard_DS11-1_v2",
          "Standard_DS11_v2",
          "Standard_DS11_v2_Promo",
          "Standard_DS12",
          "Standard_DS12-1_v2",
          "Standard_DS12-2_v2",
          "Standard_DS12_v2",
          "Standard_DS12_v2_Promo",
          "Standard_DS13",
          "Standard_DS13-2_v2",
          "Standard_DS13-4_v2",
          "Standard_DS13_v2",
          "Standard_DS13_v2_Promo",
          "Standard_DS14",
          "Standard_DS14-4_v2",
          "Standard_DS14-8_v2",
          "Standard_DS14_v2",
          "Standard_DS14_v2_Promo",
          "Standard_DS15_v2",
          "Standard_E2s_v3",
          "Standard_E2_v3",
          "Standard_E4-2s_v3",
          "Standard_E4s_v3",
          "Standard_E4_v3",
          "Standard_E8-2s_v3",
          "Standard_E8-4s_v3",
          "Standard_E8s_v3",
          "Standard_E8_v3",
          "Standard_E16-4s_v3",
          "Standard_E16-8s_v3",
          "Standard_E16s_v3",
          "Standard_E16_v3",
          "Standard_E20s_v3",
          "Standard_E20_v3",
          "Standard_E32-8s_v3",
          "Standard_E32-16s_v3",
          "Standard_E32s_v3",
          "Standard_E32_v3",
          "Standard_E64-16s_v3",
          "Standard_E64-32s_v3",
          "Standard_E64is_v3",
          "Standard_E64i_v3",
          "Standard_E64s_v3",
          "Standard_E64_v3",
          "Standard_F1",
          "Standard_F1s",
          "Standard_F2",
          "Standard_F2s",
          "Standard_F2s_v2",
          "Standard_F4",
          "Standard_F4s",
          "Standard_F4s_v2",
          "Standard_F8",
          "Standard_F8s",
          "Standard_F8s_v2",
          "Standard_F16",
          "Standard_F16s",
          "Standard_F16s_v2",
          "Standard_F32s_v2",
          "Standard_F64s_v2",
          "Standard_F72s_v2",
          "Standard_G1",
          "Standard_G2",
          "Standard_G3",
          "Standard_G4",
          "Standard_G5",
          "Standard_GS1",
          "Standard_GS2",
          "Standard_GS3",
          "Standard_GS4",
          "Standard_GS4-4",
          "Standard_GS4-8",
          "Standard_GS5",
          "Standard_GS5-8",
          "Standard_GS5-16",
          "Standard_H8",
          "Standard_H8m",
          "Standard_H16",
          "Standard_H16m",
          "Standard_H16mr",
          "Standard_H16r",
          "Standard_HB60rs",
          "Standard_HC44rs",
          "Standard_L4s",
          "Standard_L8s",
          "Standard_L8s_v2",
          "Standard_L16s",
          "Standard_L16s_v2",
          "Standard_L32s",
          "Standard_L32s_v2",
          "Standard_L64s_v2",
          "Standard_L80s_v2",
          "Standard_M8-2ms",
          "Standard_M8-4ms",
          "Standard_M8ms",
          "Standard_M16-4ms",
          "Standard_M16-8ms",
          "Standard_M16ms",
          "Standard_M32-8ms",
          "Standard_M32-16ms",
          "Standard_M32ls",
          "Standard_M32ms",
          "Standard_M32ts",
          "Standard_M64",
          "Standard_M64-16ms",
          "Standard_M64-32ms",
          "Standard_M64ls",
          "Standard_M64m",
          "Standard_M64ms",
          "Standard_M64s",
          "Standard_M128",
          "Standard_M128-32ms",
          "Standard_M128-64ms",
          "Standard_M128m",
          "Standard_M128ms",
          "Standard_M128s",
          "Standard_NC6",
          "Standard_NC6s_v2",
          "Standard_NC6s_v3",
          "Standard_NC12",
          "Standard_NC12s_v2",
          "Standard_NC12s_v3",
          "Standard_NC24",
          "Standard_NC24r",
          "Standard_NC24rs_v2",
          "Standard_NC24rs_v3",
          "Standard_NC24s_v2",
          "Standard_NC24s_v3",
          "Standard_ND6s",
          "Standard_ND12s",
          "Standard_ND24rs",
          "Standard_ND24s",
          "Standard_NV6",
          "Standard_NV6s_v2",
          "Standard_NV12",
          "Standard_NV12s_v2",
          "Standard_NV24",
          "Standard_NV24s_v2"
        ]
      },
      "mFAshouldbeenabledaccountswithwritepermissionsonyoursubscription_effect": {
        "type": "string",
        "metadata": {
          "displayName": "Effect (Policy: MFA should be enabled accounts with write permissions on your subscription)"
        },
        "defaultValue": "AuditIfNotExists",
        "allowedValues": [
          "AuditIfNotExists",
          "Disabled"
        ]
      },
      "organization": {
        "type": "string",
        "metadata": {
          "displayName": "Organization name (e.g. Contoso), must be unique"
        },
        "defaultValue": "contoso"
      },
      "log-analytics_service-tier": {
        "type": "string",
        "metadata": {
          "displayName": "Service tier",
          "description": "Service tier: Free, Standalone, PerNode or PerGB2018"
        },
        "defaultValue": "PerNode",
        "allowedValues": [
          "Free",
          "Standalone",
          "PerNode",
          "PerGB2018"
        ]
      },
      "log-analytics_data-retention": {
        "type": "int",
        "metadata": {
          "displayName": "Log retention in days",
          "description": "Number of days data will be retained for"
        },
        "defaultValue": 365
      },
      "log-analytics_location": {
        "type": "string",
        "metadata": {
          "displayName": "Location",
          "description": "Region used when establishing the workspace"
        },
        "defaultValue": "West US 2",
        "allowedValues": [
          "Australia Southeast",
          "Canada Central",
          "Central India",
          "East US",
          "Japan East",
          "Southeast Asia",
          "UK South",
          "West Europe",
          "West US 2"
        ]
      },
      "azure-firewall_azure-firewall-private-ip": {
        "type": "string",
        "metadata": {
          "displayName": "Azure firewall private IP"
        },
        "defaultValue": "10.72.4.4",
        "allowedValues": []
      },
      "azure-firewall_logs-retention-in-days": {
        "type": "int",
        "metadata": {
          "displayName": "Log retention in days",
          "description": "Specifies the number of days that logs will be kept for; a value of 0 will retain data indefinitely"
        },
        "defaultValue": 365,
        "allowedValues": []
      },
      "vnet_vnet-address-prefix": {
        "type": "string",
        "metadata": {
          "displayName": "Virtual Network address prefix"
        },
        "defaultValue": "10.72.0.0/16",
        "allowedValues": []
      },
      "vnet_enable-ddos-protection": {
        "type": "string",
        "metadata": {
          "displayName": "Enable Virtual Network DDoS protection",
          "description": "Determines whether or not DDoS Protection is enabled in the Virtual Network"
        },
        "defaultValue": "true",
        "allowedValues": []
      },
      "vnet_sharedsvcs-subnet-address-prefix": {
        "type": "string",
        "metadata": {
          "displayName": "Shared services subnet address prefix",
          "description": "Value used in Virtual Network / Route Table, Jumpbox and Active Directory Domain Services templates"
        },
        "defaultValue": "10.72.0.0/24",
        "allowedValues": []
      },
      "vnet_dmz-subnet-address-prefix": {
        "type": "string",
        "metadata": {
          "displayName": "DMZ subnet address prefix"
        },
        "defaultValue": "10.72.1.0/24",
        "allowedValues": []
      },
      "vnet_app-gateway-subnet-address-prefix": {
        "type": "string",
        "metadata": {
          "displayName": "Application Gateway subnet address prefix"
        },
        "defaultValue": "10.72.2.0/24",
        "allowedValues": []
      },
      "vnet_gateway-subnet-address-prefix": {
        "type": "string",
        "metadata": {
          "displayName": "Virtual Network Gateway subnet address prefix"
        },
        "defaultValue": "10.72.3.0/24",
        "allowedValues": []
      },
      "vnet_azure-firewall-subnet-address-prefix": {
        "type": "string",
        "metadata": {
          "displayName": "Azure Firewall subnet address prefix"
        },
        "defaultValue": "10.72.4.0/24",
        "allowedValues": []
      },
      "vnet_logs-retention-in-days": {
        "type": "int",
        "metadata": {
          "displayName": "Log retention in days",
          "description": "Specifies the number of days that logs will be kept for; a value of 0 will retain data indefinitely"
        },
        "defaultValue": 365,
        "allowedValues": []
      },
      "virtualNetworkandRouteTabletemplate_apptier-subnet-address-prefix": {
        "type": "string",
        "metadata": {
          "displayName": "apptier-subnet-address-prefix (Virtual Network and Route Table template)"
        },
        "defaultValue": "10.72.5.0/24",
        "allowedValues": []
      },
      "virtualNetworkandRouteTabletemplate_dbtier-subnet-address-prefix": {
        "type": "string",
        "metadata": {
          "displayName": "dbtier-subnet-address-prefix (Virtual Network and Route Table template)"
        },
        "defaultValue": "10.72.6.0/24",
        "allowedValues": []
      },
      "nsg_logs-retention-in-days": {
        "type": "int",
        "metadata": {
          "displayName": "Log retention in days",
          "description": "Specifies the number of days that logs will be kept for; a value of 0 will retain data indefinitely"
        },
        "defaultValue": 365
      },
      "keyvault_jumpbox-local-admin-username": {
        "type": "string",
        "metadata": {
          "displayName": "Jumpbox admin username",
          "description": "The username used to access jumpbox VM"
        },
        "defaultValue": "jb-admin-user"
      },
      "keyvault_jumpbox-local-admin-user-password": {
        "type": "string",
        "metadata": {
          "displayName": "Jumpbox admin ssh key or password",
          "description": "Jumpbox admin user's ssh key or password"
        }
      },
      "keyvault_ad-domain-admin-username": {
        "type": "string",
        "metadata": {
          "displayName": "Domain admin username",
          "description": "Username used to access Active Directory VM and to join other VMs to a domain"
        },
        "defaultValue": "domain-admin-user"
      },
      "keyvault_ad-domain-admin-user-password": {
        "type": "string",
        "metadata": {
          "displayName": "Domain admin password",
          "description": "Domain admin user's password"
        }
      },
      "keyvault_deployment-user-object-id": {
        "type": "string",
        "metadata": {
          "displayName": "AAD object ID",
          "description": "AAD object ID of the user that requires access to Key Vault. To retrieve this value go to Microsoft Azure Portal > Azure Active Directory > Users > (user) and copy the User’s Object ID"
        }
      },
      "keyvault_logs-retention-in-days": {
        "type": "int",
        "metadata": {
          "displayName": "Log retention in days",
          "description": "Specifies the number of days that logs will be kept for; a value of 0 will retain data indefinitely"
        },
        "defaultValue": 365
      },
      "keyvault_vault-sku": {
        "type": "string",
        "metadata": {
          "displayName": "Key Vault SKU",
          "description": "Specifies the SKU for the vault"
        },
        "defaultValue": "Premium",
        "allowedValues": [
          "Premium"
        ]
      },
      "jumpbox_jumpbox-local-admin-username": {
        "type": "string",
        "metadata": {
          "displayName": "Jumpbox admin username",
          "description": "The username used to access jumpbox VMs"
        },
        "defaultValue": "jb-admin-user"
      },
      "jumpbox_jumpbox-local-admin-password": {
        "type": "secureString",
        "metadata": {
          "displayName": "Jumpbox admin password",
          "description": "The Key Vault Resource ID and Key Vault Secret Name where the Jumpbox admin password is stored. If Linux is selected as Jumpbox OS, this value will be a public SSH Key, otherwise this value will be a User's Password. Secret name has to match the value specified in Key Vault template - Jumpbox admin username. To learn more on how to use SecureStrings in Azure Blueprints, go to: https://aka.ms/blueprintsecrets"
        }
      },
      "jumpbox_jumpbox-os": {
        "type": "string",
        "metadata": {
          "displayName": "Jumpbox Operating System",
          "description": "Choose between Linux or Windows"
        },
        "defaultValue": "Windows",
        "allowedValues": [
          "Windows",
          "Linux"
        ]
      },
      "jumpbox_logs-retention-in-days": {
        "type": "int",
        "metadata": {
          "displayName": "Log retention in days",
          "description": "Specifies the number of days that logs will be kept for; a value of 0 will retain data indefinitely"
        },
        "defaultValue": 365
      },
      "resource-group-location": {
        "type": "string",
        "metadata": {
          "displayName": "Shared services location"
        },
        "defaultValue": "westus2",
        "allowedValues": [
          "eastasia",
          "southeastasia",
          "southafricanorth",
          "centralus",
          "eastus",
          "eastus2",
          "westus",
          "northcentralus",
          "southcentralus",
          "northeurope",
          "westeurope",
          "japanwest",
          "japaneast",
          "brazilsouth",
          "australiaeast",
          "australiasoutheast",
          "southindia",
          "centralindia",
          "westindia",
          "canadacentral",
          "canadaeast",
          "uksouth",
          "ukwest",
          "westcentralus",
          "westus2",
          "koreacentral",
          "koreasouth",
          "francecentral",
          "francesouth",
          "australiacentral",
          "australiacentral2"
        ]
      }
    },
    "resourceGroups": {
      "ResourceGroup": {
        "name": "[concat(parameters('organization'),'-sharedsvcs-log-rg')]",
        "location": "[parameters('resource-group-location')]",
        "metadata": {
          "displayName": "Log Analytics resource group"
        },
        "dependsOn": []
      },
      "ResourceGroup2": {
        "name": "[concat(parameters('organization'),'-sharedsvcs-net-rg')]",
        "location": "[parameters('resource-group-location')]",
        "metadata": {
          "displayName": "Network resource group"
        },
        "dependsOn": []
      },
      "ResourceGroup3": {
        "name": "[concat(parameters('organization'),'-sharedsvcs-kv-rg')]",
        "location": "[parameters('resource-group-location')]",
        "metadata": {
          "displayName": "Key Vault resource group"
        },
        "dependsOn": []
      },
      "ResourceGroup4": {
        "name": "[concat(parameters('organization'),'-sharedsvcs-jb-rg')]",
        "location": "[parameters('resource-group-location')]",
        "metadata": {
          "displayName": "Jumpbox resource group"
        },
        "dependsOn": []
      },
      "ResourceGroup5": {
        "name": "[concat(parameters('organization'),'-sharedsvcs-adds-rg')]",
        "location": "[parameters('resource-group-location')]",
        "metadata": {
          "displayName": "Active Directory Domain Services resource group"
        },
        "dependsOn": []
      }
    }
  }
}