{
  "kind": "policyAssignment",
  "properties": {
    "displayName": "Append a tag and its value to resources",
    "dependsOn": [],
    "policyDefinitionId": "/providers/Microsoft.Authorization/policyDefinitions/2a0e14a6-b0a6-4fab-991a-187a4f81c498",
    "parameters": {
      "tagName": {
        "value": "[parameters('appendataganditsvaluetoresources_tagName')]"
      },
      "tagValue": {
        "value": "[parameters('appendataganditsvaluetoresources_tagValue')]"
      }
    }
  }
}