{
  "kind": "policyAssignment",
  "properties": {
    "displayName": "Append a tag and its value to resource groups",
    "dependsOn": [],
    "policyDefinitionId": "/providers/Microsoft.Authorization/policyDefinitions/49c88fc8-6fd1-46fd-a676-f12d1d3a4c71",
    "parameters": {
      "tagName": {
        "value": "[parameters('appendataganditsvaluetoresourcegroups_tagName')]"
      },
      "tagValue": {
        "value": "[parameters('appendataganditsvaluetoresourcegroups_tagValue')]"
      }
    }
  }
}