{
  "kind": "policyAssignment",
  "properties": {
    "displayName": "[Preview]: Deploy Log Analytics Agent for Windows VM Scale Sets (VMSS)",
    "dependsOn": [],
    "policyDefinitionId": "/providers/Microsoft.Authorization/policyDefinitions/3c1b3629-c8f8-4bf6-862c-037cb9094038",
    "parameters": {
      "logAnalytics": {
        "value": "[concat(subscription().id, '/resourceGroups/', concat(parameters('organization'),'-sharedsvcs-log-rg'), '/providers/Microsoft.OperationalInsights/workspaces/', concat(parameters('organization'), '-sharedsvcs-log'))]"
      },
      "listOfImageIdToInclude": {
        "value": "[parameters('ISO27001Policy_deployLogAnalyticsAgentforWindowsVMScaleSets_listOfImageIdToInclude')]"
      }
    }
  }
}